"n","sin poda","poda1","poda2"
1,307981,308656,305408
2,2.25904e+07,1.14568e+07,1.32121e+07
3,0,7.06079e+10,1.19371e+11